{"cameraMode":{"drawMode":0,"name":"Shaded","section":"Shading Mode"},"sceneLighting":false,"audioPlay":false,"sceneViewState":{"showFog":true,"showMaterialUpdate":false,"showSkybox":false,"showFlares":true,"showImageEffects":true,"showParticleSystems":true},"in2DMode":false,"pivot":{"x":6.690000057220459,"y":1.087615728378296,"z":-9.550000190734864},"rotation":{"x":-0.345659464597702,"y":-0.04698227345943451,"z":0.0173199363052845,"w":-0.9370375275611877},"size":13.268268585205079,"orthographic":false}