{"cameraMode":{"drawMode":0,"name":"Shaded","section":"Shading Mode"},"sceneLighting":true,"audioPlay":false,"sceneViewState":{"showFog":true,"showMaterialUpdate":false,"showSkybox":true,"showFlares":true,"showImageEffects":true,"showParticleSystems":true},"in2DMode":false,"pivot":{"x":-3.7294466495513918,"y":-2.4201712608337404,"z":-1.984236478805542},"rotation":{"x":0.3248812258243561,"y":0.008511092513799668,"z":-0.0029251377563923599,"w":0.9457166194915772},"size":13.361702919006348,"orthographic":false}